,PRODUCT_ID,PRODUCT_NAME,PRICE
0,11168592,Apple iPhone 11 128GB,407.99
1,11168596,Apple iPhone 11 256GB,472.99
2,11168591,Apple iPhone 11 64GB,361.99
3,11168616,Apple iPhone 11 Pro 256GB,495.99
4,11168615,Apple iPhone 11 Pro 64GB,398.99
5,11168628,Apple iPhone 11 Pro Max 256GB,523.99
6,11168620,Apple iPhone 11 Pro Max 512GB,574.99
7,11168627,Apple iPhone 11 Pro Max 64GB,449.99
8,11374422,Apple iPhone 12 128GB,509.99
9,11374423,Apple iPhone 12 256GB,585.99
10,11374421,Apple iPhone 12 64GB,447.99
11,11374439,Apple iPhone 12 Pro 128GB,595.99
12,11374440,Apple iPhone 12 Pro 256GB,657.99
13,11374441,Apple iPhone 12 Pro 512GB,747.99
14,11374451,Apple iPhone 12 Pro Max 128GB,652.99
15,11374452,Apple iPhone 12 Pro Max 256GB,709.99
16,11374453,Apple iPhone 12 Pro Max 512GB,771.99
17,11374407,Apple iPhone 12 mini 128GB,452.99
18,11374408,Apple iPhone 12 mini 256GB,528.99
19,11374406,Apple iPhone 12 mini 64GB,390.99
20,12216270,Apple iPhone 13 128GB,634.99
21,12216271,Apple iPhone 13 256GB,725.99
22,12216272,Apple iPhone 13 512GB,807.99
23,12216230,Apple iPhone 13 Pro 128GB,802.99
24,12216231,Apple iPhone 13 Pro 256GB,874.99
25,12216232,Apple iPhone 13 Pro 512GB,961.99
26,12216246,Apple iPhone 13 Pro Max 128GB,841.99
27,12216247,Apple iPhone 13 Pro Max 256GB,923.99
28,12472819,Apple iPhone 13 Pro Max 512GB,1014.99
29,12216273,Apple iPhone 13 mini 128GB,586.99
30,12216221,Apple iPhone 13 mini 256GB,668.99
31,12216275,Apple iPhone 13 mini 512GB,769.99
32,12684562,Apple iPhone 14 128GB,766.99
33,12684583,Apple iPhone 14 Plus 128GB,810.99
34,12684551,Apple iPhone 14 Pro 128GB,975.99
35,12684554,Apple iPhone 14 Pro 256GB,1087.99
36,12684590,Apple iPhone 14 Pro Max 256GB,1145.99
37,10727013,Apple iPhone 8 256GB,219.99
38,10727030,Apple iPhone 8 64GB,165.99
39,10727028,Apple iPhone 8 Plus 256GB,265.99
40,10727031,Apple iPhone 8 Plus 64GB,206.99
41,11256424,Apple iPhone SE 2020 128GB,261.99
42,11256425,Apple iPhone SE 2020 256GB,323.99
43,11256423,Apple iPhone SE 2020 64GB,214.99
44,12472865,Apple iPhone SE 2022 128GB,485.99
45,12472824,Apple iPhone SE 2022 256GB,495.99
46,10727038,Apple iPhone X 256GB,308.99
47,10727037,Apple iPhone X 64GB,271.99
48,11008300,Apple iPhone XR 128GB,295.99
49,11008286,Apple iPhone XR 256GB,338.99
50,11008299,Apple iPhone XR 64GB,245.99
51,11008303,Apple iPhone XS 256GB,315.99
52,11008304,Apple iPhone XS 512GB,342.99
53,11008302,Apple iPhone XS 64GB,265.99
54,11008318,Apple iPhone XS Max 256GB,351.99
55,11008317,Apple iPhone XS Max 64GB,315.99
56,11424618,Fairphone 2 Dual SIM 32GB,270.99
57,12261900,Fairphone 4 Dual SIM 128GB,505.99
58,12216253,GB not found in the stringGB,1096.99
59,11194625,Google Pixel 3 128GB,188.99
60,11111279,Google Pixel 3a XL 64GB,195.99
61,11181659,Google Pixel 4 Dual SIM 64GB,181.99
62,11396696,Google Pixel 4a (5G) Dual SIM 128GB,254.99
63,11324667,Google Pixel 4a Dual SIM 128GB,222.99
64,11380475,Google Pixel 5 Dual SIM 128GB,307.99
65,12269110,Google Pixel 6 Dual SIM 128GB,351.99
66,12269113,Google Pixel 6 Pro Dual SIM 128GB,444.99
67,12592876,Google Pixel 6A Dual SIM 128GB,320.99
68,13278456,Google Pixel 7 Dual SIM 128GB,462.99
69,13278458,Google Pixel 7 Pro Dual SIM 128GB,629.99
70,13396596,Google Pixel 7a Dual SIM 128GB,419.99
71,10432503,Google Pixel XL 128GB,294.99
72,11049269,Huawei Honor 10 Dual SIM 128GB,190.99
73,11138509,Huawei Honor 10 Dual SIM 64GB,142.99
74,11143572,Huawei Honor 20 Dual SIM 128GB,185.99
75,11128300,Huawei Honor 20 Lite Dual SIM 128GB,156.99
76,11143576,Huawei Honor 20 Pro Dual SIM 256GB,268.99
77,11406328,Huawei Honor 20S Dual SIM 128GB,199.99
78,10547112,Huawei Honor 8 Premium Dual SIM 64GB,177.99
79,11170595,Huawei Honor 8A Dual SIM 32GB,174.99
80,10914411,Huawei Honor 9 Lite Dual SIM 32GB,93.99
81,10904607,Huawei Honor View 10 128GB,143.99
82,11068613,Huawei Honor View 20 Dual SIM 128GB,176.99
83,11122757,Huawei Mate 10 Lite 64GB,121.99
84,11365665,Huawei Mate 10 Pro 128GB,162.99
85,11021485,Huawei Mate 20 Dual SIM 128GB,187.99
86,11076367,Huawei Mate 20 Pro 128GB,235.99
87,11021495,Huawei Mate 20 Pro Dual SIM 128GB,253.99
88,11062864,Huawei Mate 20 X Dual SIM 128GB,437.99
89,11016160,Huawei Mate 20 lite Dual SIM 64GB,124.99
90,7634301,Huawei Mate 40 Pro Dual SIM 256GB,424.99
91,11213733,Huawei Nova 5T Dual Sim 128GB,181.99
92,11288006,Huawei P Smart 2020 Dual SIM 128GB,149.99
93,11062869,Huawei P smart 2019 Dual SIM 64GB,119.99
94,11406322,Huawei P smart 2021 Dual SIM 128GB,132.99
95,10984906,Huawei P smart Plus Dual SIM 64GB,118.99
96,10582115,Huawei P10 64GB,105.99
97,11143568,Huawei P10 Dual SIM 64GB,149.99
98,10642760,Huawei P10 Lite 32GB,92.99
99,10644077,Huawei P10 Lite Dual SIM 32GB,115.99
100,10582116,Huawei P10 Plus 128GB,165.99
101,11168422,Huawei P10 Plus Dual SIM 128GB,257.99
102,10956895,Huawei P20 128GB,171.99
103,10931206,Huawei P20 Dual SIM 128GB,146.99
104,11174469,Huawei P20 Dual SIM 64GB,158.99
105,11068601,Huawei P20 Lite 64GB,125.99
106,10931212,Huawei P20 Lite Dual SIM 64GB,116.99
107,10956896,Huawei P20 Pro 128GB,165.99
108,10931211,Huawei P20 Pro Dual SIM 128GB,241.99
109,11427313,Huawei P30 128GB,240.99
110,11094778,Huawei P30 Dual SIM 128GB,220.99
111,11365542,Huawei P30 Pro 128GB,269.99
112,11094781,Huawei P30 Pro Dual SIM 128GB,273.99
113,11094785,Huawei P30 Pro Dual SIM 256GB,369.99
114,11103598,Huawei P30 lite Dual SIM 128GB,183.99
115,11258305,Huawei P30 lite Dual SIM 256GB,230.99
116,11256387,Huawei P40 Dual SIM 128GB,242.99
117,11256389,Huawei P40 Pro Dual SIM 256GB,387.99
118,11288009,Huawei P40 lite 5G Dual SIM 128GB,179.99
119,11256392,Huawei P40 lite Dual SIM 128GB,183.99
120,12399008,Huawei P50 Pro Dual SIM 256GB,511.99
121,13402067,Huawei P60 Pro Dual SIM 256GB,796.99
122,13405165,Huawei P60 Pro Dual SIM 512GB,1021.99
123,10564282,Huawei P8 lite 2017 Dual Sim 16GB,75.99
124,10001616,Huawei P8 lite Dual Sim 16GB,80.99
125,10668604,Huawei P8 lite Smart Dual Sim 16GB,139.99
126,11424622,Huawei Y5 2019 Dual SIM 16GB,91.99
127,11045343,Huawei Y5 II 4G Dual SIM 8GB,196.99
128,11197955,Huawei Y6 2019 Dual SIM 32GB,101.99
129,10295127,Huawei Y6 Dual SIM 8GB,139.99
130,11288003,Huawei Y6p Dual SIM 64GB,101.99
131,11227332,Huawei Y6s Dual SIM 32GB,112.99
132,10972729,Huawei Y7 2018 16GB,79.99
133,11088664,Huawei Y7 2019 Dual SIM 32GB,119.99
134,12492164,Huawei nova 9 Dual SIM 128GB,186.99
135,12492166,Huawei nova 9 SE Dual SIM 128GB,184.99
136,10449200,LG H840 G5 SE 32GB,133.99
137,10582109,LG H870 G6 32GB,144.99
138,10320409,LG K420N K10 LTE 16GB,160.99
139,11141977,LG LMG810 G8S ThinQ Dual SIM 128GB,294.99
140,11049264,LG M700A Q6 Plus Dual SIM 64GB,157.99
141,11048716,LG MQ610EA Q7 Plus 64GB,130.99
142,11402002,LG Velvet 5G Dual SIM 128GB,292.99
143,11212858,LG X420EMW K40 Dual SIM 32GB,111.99
144,8534400,Motorola Moto G 16GB,80.99
145,11213726,Motorola One Macro Dual SIM 64GB,189.99
146,11290981,Nokia 1.3 Dual SIM 16GB,132.99
147,10984870,Nokia 3.1 Dual SIM 16GB,73.99
148,11104212,Nokia 3.2 Dual SIM 16GB,73.99
149,11290924,Nokia 4.2 Dual SIM 16GB,151.99
150,11406339,Nokia 5.4 Dual SIM 128GB,156.99
151,10582138,Nokia 6 32GB,165.99
152,10917306,Nokia 6.1 32GB,81.99
153,10917308,Nokia 7 Plus 64GB,160.99
154,11016182,Nokia 7.1 Dual SIM 32GB,117.99
155,11181643,Nokia 7.2 Dual SIM 128GB,177.99
156,11181640,Nokia 7.2 Dual SIM 64GB,122.99
157,10716932,Nokia 8 64GB,99.99
158,10917310,Nokia 8 Sirocco 128GB,226.99
159,11213743,Nokia 9 PureView 128GB,307.99
160,11088656,Nokia 9 PureView Dual SIM 128GB,239.99
161,10681388,OnePlus 5 128GB,168.99
162,10963945,OnePlus 6 128GB,187.99
163,10963948,OnePlus 6 256GB,246.99
164,10963947,OnePlus 6 64GB,143.99
165,11048521,OnePlus 6T 128GB,209.99
166,11109328,OnePlus 6T 256GB,299.99
167,11221000,OnePlus 7 Pro 5G 256GB,385.99
168,11177563,OnePlus 7T Dual SIM 128GB,214.99
169,11374481,OnePlus 7T Dual SIM 256GB,443.99
170,11177575,OnePlus 7T Pro Dual SIM 256GB,299.99
171,11256409,OnePlus 8 Dual SIM 128GB,284.99
172,11256413,OnePlus 8 Pro Dual SIM 128GB,318.99
173,11424328,OnePlus 9 Pro Dual SIM 128GB,373.99
174,7381074,OnePlus 9 Pro Dual SIM 256GB,447.99
175,11476379,OnePlus Nord 2 5G Dual SIM 128GB,265.99
176,11476377,OnePlus Nord 2 5G Dual SIM 256GB,362.99
177,11300671,OnePlus Nord Dual SIM 128GB,212.99
178,11402030,OnePlus Nord Dual SIM 256GB,258.99
179,11406338,Oppo A15 Dual SIM 32GB,113.99
180,11424661,Oppo A9 2020 Dual SIM 128GB,144.99
181,11279247,Oppo Find X2 Neo 256GB,206.99
182,11279249,Oppo Find X2 Pro 512GB,352.99
183,7315868,Oppo Find X3 Lite Dual SIM 128GB,189.99
184,11424320,Oppo Find X3 Neo Dual SIM 256GB,250.99
185,7315254,Oppo Find X3 Pro Dual SIM 256GB,387.99
186,11256398,Oppo Reno2 Z Dual SIM 128GB,172.99
187,11390878,Oppo Reno4 Z 5G Dual SIM 128GB,167.99
188,11128279,Samsung A805FD Galaxy A80 Dual SIM 128GB,194.99
189,11424337,Samsung Galaxy A02s Dual SIM 32GB,143.99
190,11227317,Samsung Galaxy A10 Dual SIM 32GB,146.99
191,12471189,Samsung Galaxy A12 Dual SIM 128GB,183.99
192,12472453,Samsung Galaxy A12 Dual SIM 32GB,140.99
193,12547307,Samsung Galaxy A12 Dual SIM 64GB,145.99
194,12583729,Samsung Galaxy A13 Dual SIM 32GB,123.99
195,12583349,Samsung Galaxy A13 Dual SIM 64GB,158.99
196,11128277,Samsung Galaxy A20e Dual SIM 32GB,151.99
197,11417861,Samsung Galaxy A20s Dual SIM 32GB,163.99
198,11288000,Samsung Galaxy A21s Dual SIM 32GB,128.99
199,12610050,Samsung Galaxy A21s Dual SIM 64GB,194.99
200,10317971,Samsung Galaxy A3 (2016) 16GB,103.99
201,10560687,Samsung Galaxy A3 (2017) 16GB,105.99
202,11163332,Samsung Galaxy A30s Dual SIM 64GB,178.99
203,12471789,Samsung Galaxy A32 4G Dual SIM 128GB,203.99
204,12547535,Samsung Galaxy A32 5G 128GB,211.99
205,12547493,Samsung Galaxy A32 5G 64GB,202.99
206,12492152,Samsung Galaxy A33 5G Dual SIM 128GB,245.99
207,13359607,Samsung Galaxy A34 5G Dual SIM 128GB,286.99
208,11103536,Samsung Galaxy A40 Dual SIM 64GB,127.99
209,11279235,Samsung Galaxy A41 Dual SIM 64GB,181.99
210,11406301,Samsung Galaxy A42 5G Dual SIM 128GB,182.99
211,10317973,Samsung Galaxy A5 (2016) 16GB,103.99
212,10430796,Samsung Galaxy A5 (2016) Dual Sim 16GB,93.99
213,10560692,Samsung Galaxy A5 (2017) 32GB,110.99
214,11094788,Samsung Galaxy A50 Dual SIM 128GB,178.99
215,11227260,Samsung Galaxy A51 Dual SIM 128GB,191.99
216,7433429,Samsung Galaxy A52 5G Dual SIM 128GB,261.99
217,7480920,Samsung Galaxy A52 5G Dual SIM 256GB,340.99
218,11424331,Samsung Galaxy A52 Dual SIM 128GB,249.99
219,11424330,Samsung Galaxy A52 Dual SIM 256GB,349.99
220,12199611,Samsung Galaxy A52s 5G Dual SIM 128GB,289.99
221,12492157,Samsung Galaxy A53 5G Dual SIM 128GB,304.99
222,12492160,Samsung Galaxy A53 5G Dual SIM 256GB,387.99
223,13360331,Samsung Galaxy A54 5G Dual SIM 128GB,357.99
224,13360335,Samsung Galaxy A54 5G Dual SIM 256GB,419.99
225,10963939,Samsung Galaxy A6 (2018) Dual SIM 32GB,111.99
226,10963943,Samsung Galaxy A6 Plus (2018) Dual SIM 32GB,110.99
227,11079946,Samsung Galaxy A7 (2018) 64GB,123.99
228,11016195,Samsung Galaxy A7 (2018) Dual SIM 64GB,135.99
229,11103594,Samsung Galaxy A70 Dual SIM 128GB,162.99
230,11227270,Samsung Galaxy A71 Dual SIM 128GB,217.99
231,11424335,Samsung Galaxy A72 Dual SIM 128GB,288.99
232,10907078,Samsung Galaxy A8 (2018) Dual SIM 32GB,119.99
233,11033660,Samsung Galaxy A8 (2018) Dual SIM 64GB,201.99
234,11016198,Samsung Galaxy A9 (2018) Dual SIM 128GB,186.99
235,10341166,Samsung Galaxy J3 (2016) DUOS 8GB,70.99
236,10774401,Samsung Galaxy J3 (2017) 16GB,70.99
237,10675381,Samsung Galaxy J3 (2017) DUOS 16GB,107.99
238,11217080,Samsung Galaxy J4 Plus 32GB,156.99
239,11041090,Samsung Galaxy J5 (2016) DUOS 16GB,76.99
240,11379614,Samsung Galaxy J5 (2016) Dual SIM 16GB,77.99
241,10675383,Samsung Galaxy J5 (2017) DUOS 16GB,101.99
242,10193895,Samsung Galaxy J5 8GB,85.99
243,11016193,Samsung Galaxy J6 Plus DUOS 32GB,103.99
244,10395618,Samsung Galaxy J7 (2016) 16GB,108.99
245,10675386,Samsung Galaxy J7 (2017) DUOS 16GB,134.99
246,11091924,Samsung Galaxy M20 (2019) Dual SIM 64GB,161.99
247,11279229,Samsung Galaxy M21 Dual SIM 64GB,192.99
248,11279232,Samsung Galaxy M31 Dual SIM 64GB,184.99
249,11143682,Samsung Galaxy Note 10 Dual SIM 256GB,316.99
250,11143686,Samsung Galaxy Note 10 Plus Dual SIM 256GB,370.99
251,10426228,Samsung Galaxy Note 8 64GB,183.99
252,11217100,Samsung Galaxy Note 9 512GB,318.99
253,10988437,Samsung Galaxy Note 9 DUOS 128GB,242.99
254,10988440,Samsung Galaxy Note 9 DUOS 512GB,315.99
255,11307575,Samsung Galaxy Note20 5G Dual SIM 256GB,371.99
256,11307571,Samsung Galaxy Note20 Dual SIM 256GB,354.99
257,11307579,Samsung Galaxy Note20 Ultra 5G Dual SIM 256GB,541.99
258,11307580,Samsung Galaxy Note20 Ultra 5G Dual SIM 512GB,647.99
259,11259736,Samsung Galaxy S10 5G 256GB,337.99
260,11077809,Samsung Galaxy S10 Dual SIM 128GB,199.99
261,11115556,Samsung Galaxy S10 Plus Dual SIM 128GB,258.99
262,11077818,Samsung Galaxy S10 Plus Dual SIM 512GB,337.99
263,11077804,Samsung Galaxy S10e Dual SIM 128GB,226.99
264,11227300,Samsung Galaxy S20 5G Dual SIM 128GB,271.99
265,11227307,Samsung Galaxy S20 Dual SIM 128GB,330.99
266,11396748,Samsung Galaxy S20 FE 5G Dual SIM 128GB,325.99
267,11390301,Samsung Galaxy S20 FE Dual SIM 128GB,275.99
268,11227286,Samsung Galaxy S20 Plus 5G Dual SIM 128GB,353.99
269,11227284,Samsung Galaxy S20 Plus 5G Dual SIM 512GB,462.99
270,11227291,Samsung Galaxy S20 Plus Dual SIM 128GB,299.99
271,11227280,Samsung Galaxy S20 Ultra 5G Dual SIM 128GB,431.99
272,11417822,Samsung Galaxy S21 5G Dual SIM 128GB,336.99
273,11417826,Samsung Galaxy S21 5G Dual SIM 256GB,357.99
274,12381095,Samsung Galaxy S21 FE 5G Dual SIM 128GB,322.99
275,11417831,Samsung Galaxy S21 Plus 5G Dual SIM 128GB,318.99
276,11417836,Samsung Galaxy S21 Plus 5G Dual SIM 256GB,436.99
277,11417846,Samsung Galaxy S21 Ultra 5G Dual SIM 256GB,524.99
278,12398336,Samsung Galaxy S22 Dual SIM 128GB,481.99
279,13285894,Samsung Galaxy S22 Dual SIM 256GB,499.99
280,12398352,Samsung Galaxy S22 Plus Dual SIM 128GB,579.99
281,12398361,Samsung Galaxy S22 Plus Dual SIM 256GB,669.99
282,12398369,Samsung Galaxy S22 Ultra Dual SIM 128GB,638.99
283,12398376,Samsung Galaxy S22 Ultra Dual SIM 256GB,739.99
284,12398382,Samsung Galaxy S22 Ultra Dual SIM 512GB,766.99
285,13342992,Samsung Galaxy S23 Dual SIM 128GB,664.99
286,13342991,Samsung Galaxy S23 Dual SIM 256GB,735.99
287,13342999,Samsung Galaxy S23 Plus Dual SIM 256GB,771.99
288,13342990,Samsung Galaxy S23 Plus Dual SIM 512GB,850.99
289,13342995,Samsung Galaxy S23 Ultra Dual SIM 256GB,1026.99
290,13343003,Samsung Galaxy S23 Ultra Dual SIM 512GB,1015.99
291,10273423,Samsung Galaxy S5 Neo 16GB,120.99
292,9854125,Samsung Galaxy S6 32GB,104.99
293,9854137,Samsung Galaxy S6 64GB,144.99
294,10060744,Samsung Galaxy S6 DuoS 32GB,198.99
295,9854144,Samsung Galaxy S6 Edge 32GB,121.99
296,10320612,Samsung Galaxy S7 32GB,131.99
297,10320616,Samsung Galaxy S7 edge 32GB,149.99
298,10603156,Samsung Galaxy S8 64GB,163.99
299,11209415,Samsung Galaxy S8 DuoS 64GB,186.99
300,10603161,Samsung Galaxy S8 Plus 64GB,165.99
301,10917284,Samsung Galaxy S9 64GB,175.99
302,10942448,Samsung Galaxy S9 DuoS 256GB,299.99
303,10917287,Samsung Galaxy S9 DuoS 64GB,187.99
304,11197973,Samsung Galaxy S9 Plus 128GB,288.99
305,11290920,Samsung Galaxy S9 Plus 256GB,361.99
306,10917290,Samsung Galaxy S9 Plus 64GB,209.99
307,11307504,Samsung Galaxy S9 Plus DuoS 128GB,337.99
308,10972714,Samsung Galaxy S9 Plus DuoS 256GB,277.99
309,10917293,Samsung Galaxy S9 Plus DuoS 64GB,151.99
310,10628035,Samsung Galaxy XCover 4 16GB,107.99
311,11170578,Samsung Galaxy XCover 4s Dual SIM 32GB,127.99
312,10446820,Samsung Galaxy Xcover 3 8GB,109.99
313,12199601,Samsung Galaxy Z Flip3 5G Dual SIM 128GB,422.99
314,12199606,Samsung Galaxy Z Flip3 5G Dual SIM 256GB,1011.99
315,12596808,Samsung Galaxy Z Flip4 5G Dual SIM 128GB,526.99
316,12596821,Samsung Galaxy Z Flip4 5G Dual SIM 256GB,576.99
317,12596832,Samsung Galaxy Z Flip4 5G Dual SIM 512GB,683.99
318,11426062,Samsung Galaxy Z Fold2 5G Dual SIM 256GB,623.99
319,12199540,Samsung Galaxy Z Fold3 5G Dual SIM 256GB,734.99
320,12199533,Samsung Galaxy Z Fold3 5G Dual SIM 512GB,679.99
321,12596827,Samsung Galaxy Z Fold4 5G Triple SIM 256 GB,882.99
322,12596823,Samsung Galaxy Z Fold4 5G Triple SIM 256GB,942.99
323,12596817,Samsung Galaxy Z Fold4 5G Triple SIM 512GB,1050.99
324,11227311,Samsung N770FD Galaxy Note 10 Lite Dual SIM 128GB,244.99
325,11290921,Samsung N975F Galaxy Note 10 Plus Dual SIM 256GB,443.99
326,11288020,Sony Xperia 1 II 256GB,461.99
327,11288021,Sony Xperia 1 II Dual SIM 256GB,507.99
328,12553250,Sony Xperia 1 IV Dual SIM 256GB,682.99
329,11424568,Sony Xperia 10 II 128GB,263.99
330,11279227,Sony Xperia 10 II Dual SIM 128GB,235.99
331,12275946,Sony Xperia 10 III Dual SIM 128GB,239.99
332,12553253,Sony Xperia 10 IV Dual SIM 128GB,342.99
333,12204969,Sony Xperia 5 128GB,246.99
334,12472125,Sony Xperia 5 III Dual SIM 128GB,464.99
335,11088646,Sony Xperia L3 Dual SIM 32GB,165.99
336,11279225,Sony Xperia L4 Dual SIM 64GB,190.99
337,10432242,Sony Xperia X Compact 32GB,129.99
338,10628036,Sony Xperia XA1 Ultra 32GB,130.99
339,10907035,Sony Xperia XA2 32GB,170.99
340,11390933,Sony Xperia XA2 Plus Dual SIM 32GB,154.99
341,10907040,Sony Xperia XA2 Ultra 32GB,153.99
342,10582055,Sony Xperia XZ Premium 64GB,178.99
343,11174484,Sony Xperia XZ Premium Dual SIM 64GB,311.99
344,10725923,Sony Xperia XZ1 64GB,144.99
345,11213710,Sony Xperia XZ1 Dual SIM 64GB,341.99
346,10960979,Sony Xperia XZ2 64GB,208.99
347,11008463,Sony Xperia XZ2 Compact 64GB,271.99
348,10917303,Sony Xperia XZ2 Compact Dual SIM 64GB,241.99
349,11140492,Sony Xperia XZ2 Premium Dual SIM 64GB,309.99
350,11077734,Sony Xperia XZ3 64GB,157.99
351,10271317,Sony Xperia Z5 Compact 32GB,142.99
352,12260833,Xiaomi 11 Lite 5G NE Dual SIM 128GB,197.99
353,12218999,Xiaomi 11T Dual SIM 128GB,199.99
354,12219004,Xiaomi 11T Dual SIM 256GB,256.99
355,12218994,Xiaomi 11T Pro Dual SIM 128GB,292.99
356,12218997,Xiaomi 11T Pro Dual SIM 256GB,287.99
357,12492136,Xiaomi 12 Dual SIM 128GB,330.99
358,12492140,Xiaomi 12 Dual SIM 256GB,363.99
359,13288264,Xiaomi 12 Lite 5G Dual SIM 128GB,220.99
360,12589238,Xiaomi 12 Lite 5G Dual SIM 256GB,372.99
361,12492145,Xiaomi 12 Pro Dual SIM 256GB,532.99
362,13277164,Xiaomi 12T 5G Dual SIM 128GB,339.99
363,13276672,Xiaomi 12T 5G Dual SIM 256GB,345.99
364,13276674,Xiaomi 12T Pro 5G Dual SIM 256GB,523.99
365,13350471,Xiaomi 13 5G Dual SIM 256GB,597.99
366,13350474,Xiaomi 13 Lite 5G Dual SIM 128GB,323.99
367,11281399,Xiaomi Mi 10 128GB,242.99
368,11416027,Xiaomi Mi 10 256GB,268.99
369,11424033,Xiaomi Mi 10 Lite 5G Dual SIM 128GB,169.99
370,11406309,Xiaomi Mi 10T Dual SIM 128GB,192.99
371,11406305,Xiaomi Mi 10T Lite Dual SIM 128GB,184.99
372,11406310,Xiaomi Mi 10T Pro Dual SIM 128GB,214.99
373,11417860,Xiaomi Mi 10T Pro Dual SIM 256GB,254.99
374,7100589,Xiaomi Mi 11 Dual SIM 128GB,267.99
375,7084694,Xiaomi Mi 11 Dual SIM 256GB,275.99
376,11426034,Xiaomi Mi 11 Lite 5G Dual SIM 128GB,175.99
377,11426032,Xiaomi Mi 11 Lite Dual SIM 128GB,180.99
378,11426029,Xiaomi Mi 11 Lite Dual SIM 64GB,225.99
379,11426020,Xiaomi Mi 11 Ultra Dual SIM 256GB,651.99
380,11426022,Xiaomi Mi 11i Dual SIM 128GB,246.99
381,11426025,Xiaomi Mi 11i Dual SIM 256GB,262.99
382,11130299,Xiaomi Mi 8 Dual SIM 128GB,171.99
383,11120233,Xiaomi Mi 8 Dual SIM 64GB,144.99
384,11175928,Xiaomi Mi 8 Lite Dual SIM 128GB,177.99
385,11088639,Xiaomi Mi 9 Dual SIM 128GB,168.99
386,11088640,Xiaomi Mi 9 Dual SIM 64GB,136.99
387,11315386,Xiaomi Mi 9 Lite Dual SIM 128GB,157.99
388,11368192,Xiaomi Mi 9 Lite Dual SIM 64GB,187.99
389,11161371,Xiaomi Mi 9 SE Dual SIM 128GB,190.99
390,11225374,Xiaomi Mi 9 SE Dual SIM 64GB,151.99
391,11143703,Xiaomi Mi 9T Dual SIM 128GB,175.99
392,11143701,Xiaomi Mi 9T Dual SIM 64GB,156.99
393,11181653,Xiaomi Mi 9T Pro Dual SIM 128GB,171.99
394,11220993,Xiaomi Mi 9T Pro Dual SIM 256GB,311.99
395,12469727,Xiaomi Mi 9T Pro Dual SIM 64GB,188.99
396,11000548,Xiaomi Mi A1 Dual SIM 64GB,164.99
397,11000553,Xiaomi Mi A2 Dual SIM 64GB,120.99
398,11228586,Xiaomi Mi A3 Dual SIM 128GB,185.99
399,11279277,Xiaomi Mi A3 Dual SIM 64GB,144.99
400,11091944,Xiaomi Mi Max 3 Dual SIM 64GB,260.99
401,11073738,Xiaomi Mi Mix 3 Dual SIM 128GB,224.99
402,11213715,Xiaomi Mi Note 10 Dual SIM 128GB,202.99
403,11300659,Xiaomi Mi Note 10 Lite Dual SIM 128GB,156.99
404,11300658,Xiaomi Mi Note 10 Lite Dual SIM 64GB,169.99
405,11290922,Xiaomi Mi Note 10 Pro Dual SIM 256GB,249.99
406,12602896,Xiaomi Poco F4 5G Dual SIM 128GB,267.99
407,11406318,Xiaomi Poco M3 Dual SIM 64GB,116.99
408,12261009,Xiaomi Redmi 10 Dual SIM 128GB,143.99
409,12260995,Xiaomi Redmi 10 Dual SIM 64GB,128.99
410,11417859,Xiaomi Redmi Go Dual SIM 16GB,118.99
411,11426047,Xiaomi Redmi Note 10 5G Dual SIM 128GB,153.99
412,11426043,Xiaomi Redmi Note 10 5G Dual SIM 64GB,129.99
413,11426040,Xiaomi Redmi Note 10 Dual SIM 128GB,171.99
414,11426039,Xiaomi Redmi Note 10 Dual SIM 64GB,157.99
415,11424324,Xiaomi Redmi Note 10 Pro Dual SIM 128GB,171.99
416,7254596,Xiaomi Redmi Note 10 Pro Dual SIM 64GB,167.99
417,11426054,Xiaomi Redmi Note 10S Dual SIM 128GB,160.99
418,11426051,Xiaomi Redmi Note 10S Dual SIM 64GB,143.99
419,12399016,Xiaomi Redmi Note 11 Dual SIM 128GB,155.99
420,12399012,Xiaomi Redmi Note 11 Dual SIM 64GB,135.99
421,12398332,Xiaomi Redmi Note 11 Pro 5G Dual SIM 128GB,227.99
422,12399030,Xiaomi Redmi Note 11 Pro Dual SIM 64GB,199.99
423,11424551,Xiaomi Redmi Note 7 Dual SIM 64GB,118.99
424,11379352,Xiaomi Redmi Note 8 Pro Dual SIM 128GB,128.99
425,11213719,Xiaomi Redmi Note 8 Pro Dual SIM 64GB,132.99
426,11300668,Xiaomi Redmi Note 8T Dual SIM 128GB,161.99
427,11293181,Xiaomi Redmi Note 8T Dual SIM 64GB,110.99
428,11424468,Xiaomi Redmi Note 9 Dual SIM 128GB,130.99
429,11315387,Xiaomi Redmi Note 9 Dual SIM 64GB,124.99
430,11424031,Xiaomi Redmi Note 9 Pro Dual SIM 128GB,160.99
431,11300650,Xiaomi Redmi Note 9 Pro Dual SIM 64GB,135.99
432,11300655,Xiaomi Redmi Note 9S Dual SIM 128GB,139.99
433,11300654,Xiaomi Redmi Note 9S Dual SIM 64GB,120.99
434,10730025,ZTE Blade V7 Lite 16GB,96.99
